{
  "Ansi 6 Color" : {
    "Red Component" : 0.34018850326538086,
    "Color Space" : "Calibrated",
    "Blue Component" : 0.64178985357284546,
    "Alpha Component" : 1,
    "Green Component" : 0.56019961833953857
  },
  "Tags" : [

  ],
  "Ansi 12 Color" : {
    "Red Component" : 0.093434453010559082,
    "Color Space" : "Calibrated",
    "Blue Component" : 0.89109110832214355,
    "Alpha Component" : 1,
    "Green Component" : 0.42590731382369995
  },
  "Ansi 7 Color" : {
    "Red Component" : 0.72378784418106079,
    "Color Space" : "Calibrated",
    "Blue Component" : 0.72799122333526611,
    "Alpha Component" : 1,
    "Green Component" : 0.73772752285003662
  },
  "Draw Powerline Glyphs" : true,
  "Bold Color" : {
    "Red Component" : 0.99575066566467285,
    "Color Space" : "Calibrated",
    "Blue Component" : 0.69725716114044189,
    "Alpha Component" : 1,
    "Green Component" : 1
  },
  "Ansi 8 Color" : {
    "Red Component" : 0.53400516510009766,
    "Color Space" : "Calibrated",
    "Blue Component" : 0.52966117858886719,
    "Alpha Component" : 1,
    "Green Component" : 0.53847712278366089
  },
  "Ansi 9 Color" : {
    "Red Component" : 0.98592376708984375,
    "Color Space" : "Calibrated",
    "Blue Component" : 0.11970168352127075,
    "Alpha Component" : 1,
    "Green Component" : 0
  },
  "Ansi 0 Color" : {
    "Red Component" : 0.22909823060035706,
    "Color Space" : "Calibrated",
    "Blue Component" : 0.26370203495025635,
    "Alpha Component" : 1,
    "Green Component" : 0.23855249583721161
  },
  "Rows" : 25,
  "Default Bookmark" : "No",
  "Guid" : "95C2D60E-6B9B-4C27-8193-CF570DDBA3D1",
  "Cursor Guide Color" : {
    "Red Component" : 0.90061241388320923,
    "Color Space" : "Calibrated",
    "Blue Component" : 0.63873869180679321,
    "Alpha Component" : 1,
    "Green Component" : 0.82989895343780518
  },
  "Non-ASCII Anti Aliased" : true,
  "Use Bright Bold" : true,
  "Ansi 10 Color" : {
    "Red Component" : 0.058273889124393463,
    "Color Space" : "Calibrated",
    "Blue Component" : 0.18262514472007751,
    "Alpha Component" : 1,
    "Green Component" : 0.44594758749008179
  },
  "Icon" : 0,
  "Ambiguous Double Width" : false,
  "Jobs to Ignore" : [
    "rlogin",
    "ssh",
    "slogin",
    "telnet"
  ],
  "Ansi 15 Color" : {
    "Red Component" : 0.99088609218597412,
    "Color Space" : "Calibrated",
    "Blue Component" : 0.72441869974136353,
    "Alpha Component" : 1,
    "Green Component" : 1
  },
  "Foreground Color" : {
    "Red Component" : 0.72378784418106079,
    "Color Space" : "Calibrated",
    "Blue Component" : 0.72799122333526611,
    "Alpha Component" : 1,
    "Green Component" : 0.73772752285003662
  },
  "Bound Hosts" : [

  ],
  "Working Directory" : "\/Users\/sweber",
  "Blinking Cursor" : true,
  "Disable Window Resizing" : true,
  "Sync Title" : false,
  "Prompt Before Closing 2" : false,
  "BM Growl" : true,
  "Command" : "",
  "Description" : "Default",
  "Mouse Reporting" : true,
  "Screen" : -1,
  "Selection Color" : {
    "Red Component" : 0.16332042217254639,
    "Color Space" : "Calibrated",
    "Blue Component" : 0.19518557190895081,
    "Alpha Component" : 1,
    "Green Component" : 0.17529888451099396
  },
  "Columns" : 80,
  "Idle Code" : 0,
  "Ansi 13 Color" : {
    "Red Component" : 0.98593467473983765,
    "Color Space" : "Calibrated",
    "Blue Component" : 0.40404337644577026,
    "Alpha Component" : 1,
    "Green Component" : 0
  },
  "Custom Command" : "No",
  "ASCII Anti Aliased" : true,
  "Non Ascii Font" : "InconsolataForPowerline-g 12",
  "Vertical Spacing" : 1,
  "Use Bold Font" : true,
  "Option Key Sends" : 0,
  "Selected Text Color" : {
    "Red Component" : 0.72378784418106079,
    "Color Space" : "Calibrated",
    "Blue Component" : 0.72799122333526611,
    "Alpha Component" : 1,
    "Green Component" : 0.73772752285003662
  },
  "Background Color" : {
    "Red Component" : 0.1205105185508728,
    "Color Space" : "Calibrated",
    "Blue Component" : 0.12050896137952805,
    "Alpha Component" : 1,
    "Green Component" : 0.12050691246986389
  },
  "Character Encoding" : 4,
  "Ansi 11 Color" : {
    "Red Component" : 0.76750457286834717,
    "Color Space" : "Calibrated",
    "Blue Component" : 0.20107564330101013,
    "Alpha Component" : 1,
    "Green Component" : 0.44065150618553162
  },
  "Thin Strokes" : 4,
  "Use Italic Font" : true,
  "Unlimited Scrollback" : false,
  "Keyboard Map" : {
    "0xf700-0x260000" : {
      "Action" : 10,
      "Text" : "[1;6A"
    },
    "0x37-0x40000" : {
      "Action" : 11,
      "Text" : "0x1f"
    },
    "0x32-0x40000" : {
      "Action" : 11,
      "Text" : "0x00"
    },
    "0xf709-0x20000" : {
      "Action" : 10,
      "Text" : "[17;2~"
    },
    "0xf70c-0x20000" : {
      "Action" : 10,
      "Text" : "[20;2~"
    },
    "0xf729-0x20000" : {
      "Action" : 10,
      "Text" : "[1;2H"
    },
    "0xf72b-0x40000" : {
      "Action" : 10,
      "Text" : "[1;5F"
    },
    "0xf705-0x20000" : {
      "Action" : 10,
      "Text" : "[1;2Q"
    },
    "0xf703-0x260000" : {
      "Action" : 10,
      "Text" : "[1;6C"
    },
    "0xf700-0x220000" : {
      "Action" : 10,
      "Text" : "[1;2A"
    },
    "0xf701-0x280000" : {
      "Action" : 11,
      "Text" : "0x1b 0x1b 0x5b 0x42"
    },
    "0x38-0x40000" : {
      "Action" : 11,
      "Text" : "0x7f"
    },
    "0x33-0x40000" : {
      "Action" : 11,
      "Text" : "0x1b"
    },
    "0xf703-0x220000" : {
      "Action" : 10,
      "Text" : "[1;2C"
    },
    "0xf701-0x240000" : {
      "Action" : 10,
      "Text" : "[1;5B"
    },
    "0xf70d-0x20000" : {
      "Action" : 10,
      "Text" : "[21;2~"
    },
    "0xf702-0x260000" : {
      "Action" : 10,
      "Text" : "[1;6D"
    },
    "0xf729-0x40000" : {
      "Action" : 10,
      "Text" : "[1;5H"
    },
    "0xf706-0x20000" : {
      "Action" : 10,
      "Text" : "[1;2R"
    },
    "0x34-0x40000" : {
      "Action" : 11,
      "Text" : "0x1c"
    },
    "0xf700-0x280000" : {
      "Action" : 11,
      "Text" : "0x1b 0x1b 0x5b 0x41"
    },
    "0x2d-0x40000" : {
      "Action" : 11,
      "Text" : "0x1f"
    },
    "0xf70e-0x20000" : {
      "Action" : 10,
      "Text" : "[23;2~"
    },
    "0xf702-0x220000" : {
      "Action" : 10,
      "Text" : "[1;2D"
    },
    "0xf703-0x280000" : {
      "Action" : 11,
      "Text" : "0x1b 0x1b 0x5b 0x43"
    },
    "0xf700-0x240000" : {
      "Action" : 10,
      "Text" : "[1;5A"
    },
    "0xf707-0x20000" : {
      "Action" : 10,
      "Text" : "[1;2S"
    },
    "0xf70a-0x20000" : {
      "Action" : 10,
      "Text" : "[18;2~"
    },
    "0x35-0x40000" : {
      "Action" : 11,
      "Text" : "0x1d"
    },
    "0xf70f-0x20000" : {
      "Action" : 10,
      "Text" : "[24;2~"
    },
    "0xf703-0x240000" : {
      "Action" : 10,
      "Text" : "[1;5C"
    },
    "0xf701-0x260000" : {
      "Action" : 10,
      "Text" : "[1;6B"
    },
    "0xf702-0x280000" : {
      "Action" : 11,
      "Text" : "0x1b 0x1b 0x5b 0x44"
    },
    "0xf72b-0x20000" : {
      "Action" : 10,
      "Text" : "[1;2F"
    },
    "0x36-0x40000" : {
      "Action" : 11,
      "Text" : "0x1e"
    },
    "0xf708-0x20000" : {
      "Action" : 10,
      "Text" : "[15;2~"
    },
    "0xf701-0x220000" : {
      "Action" : 10,
      "Text" : "[1;2B"
    },
    "0xf70b-0x20000" : {
      "Action" : 10,
      "Text" : "[19;2~"
    },
    "0xf702-0x240000" : {
      "Action" : 10,
      "Text" : "[1;5D"
    },
    "0xf704-0x20000" : {
      "Action" : 10,
      "Text" : "[1;2P"
    }
  },
  "Window Type" : 0,
  "Cursor Type" : 2,
  "Background Image Location" : "",
  "Blur" : false,
  "Badge Color" : {
    "Red Component" : 0.7928692102432251,
    "Color Space" : "Calibrated",
    "Blue Component" : 0.056549370288848877,
    "Alpha Component" : 0.5,
    "Green Component" : 0.28100395202636719
  },
  "Scrollback Lines" : 10000,
  "Send Code When Idle" : false,
  "Close Sessions On End" : true,